PassengerId,Survived,Pclass,Name,Sex,Age,SibSp,Parch,Ticket,Fare,Cabin,Embarked
1,1,3,"Garcia, Mrs. Nora",female,26.45,1,0,311179,14.6516,B137,S
2,0,2,"Robinson, Mr. John",male,24.95,1,0,267317,14.743,B116,S
3,0,3,"Wilson, Mr. Robert",male,44.21,0,0,405722,6.2851,,S
4,1,3,"Taylor, Miss. Nora",female,31.59,1,0,897086,20.3408,,S
5,1,1,"Martin, Miss. Helen",female,20.95,2,0,551582,77.9003,,C
6,0,3,"Moore, Mr. Thomas",male,33.73,1,0,613093,9.4969,C54,S
7,0,3,"Martinez, Mr. Henry",male,,0,0,782729,14.5374,,S
8,0,3,"Thompson, Mr. Frank",male,17.5,0,1,717918,10.5797,,C
9,1,1,"Johnson, Mr. Robert",male,,1,2,602863,209.6291,,S
10,1,3,"Martin, Mr. William",male,18.61,0,0,565309,19.8632,,S
11,0,2,"Brown, Mr. Thomas",male,41.61,1,0,537910,24.3747,,S
12,1,3,"Taylor, Mr. Henry",male,14.93,0,1,189002,2.6678,,S
13,0,3,"Miller, Mr. William",male,16.95,1,0,420191,16.6967,,S
14,1,3,"Davis, Mrs. Margaret",female,16.47,0,1,848580,16.4015,,S
15,1,2,"Moore, Miss. Elizabeth",female,22.65,0,0,48989,7.0856,G18,S
16,0,1,"Thompson, Mr. William",male,52.29,8,1,829692,15.9563,,S
17,0,3,"Moore, Mr. Henry",male,33.17,1,0,570280,19.2988,,S
18,0,1,"Moore, Mr. James",male,60.23,1,0,356188,128.7663,,S
19,0,3,"Smith, Mr. Charles",male,54.48,3,0,122921,6.769,,S
20,1,3,"Jackson, Mrs. Nora",female,,0,0,766211,6.5112,,S
21,0,3,"Williams, Miss. Florence",female,25.92,0,1,10701,12.5422,,S
22,1,2,"Miller, Mrs. Alice",female,14.71,0,6,547609,11.8964,,S
23,1,3,"Moore, Miss. Margaret",female,14.89,0,0,170761,2.541,,Q
24,1,3,"Smith, Miss. Mary",female,16.81,0,0,909957,4.6855,D123,S
25,0,3,"Anderson, Miss. Elizabeth",female,,2,0,190479,14.2644,,S
26,1,1,"Davis, Mr. James",male,24.33,0,0,804795,30.2494,,S
27,0,3,"Smith, Mr. John",male,23.12,0,0,578325,21.7365,,S
28,0,1,"Wilson, Mr. John",male,22.18,0,1,50585,99.4064,,S
29,0,1,"Jones, Mr. William",male,48.95,0,1,722858,90.0331,,C
30,0,3,"Miller, Master. James",male,,0,0,880482,12.3466,,S
31,0,3,"Williams, Mrs. Nora",female,61.52,0,0,229265,6.0414,,S
32,0,3,"White, Mr. John",male,19.13,0,0,968879,17.8189,,S
33,0,2,"Miller, Mr. William",male,30.94,0,0,800385,8.8164,,C
34,1,2,"Martinez, Master. Henry",male,13.16,1,0,744733,33.7819,,S
35,0,3,"Martin, Dr. John",male,47.18,0,0,342683,30.6895,,S
36,0,1,"Taylor, Mr. Charles",male,,1,0,128714,77.556,,S
37,1,1,"Jackson, Mrs. Ida",female,41.86,0,0,435036,171.7767,,C
38,0,3,"Davis, Master. George",male,7.49,0,0,809301,4.7461,G117,S
39,1,1,"Miller, Miss. Elizabeth",female,,0,0,590784,100.2047,,Q
40,1,3,"Davis, Master. Edward",male,10.42,4,0,651013,11.1845,,C
41,1,2,"Moore, Mr. Frank",male,49.01,0,0,783205,29.2245,,S
42,1,3,"White, Mr. William",male,,0,1,345437,1.4381,,C
43,1,3,"Robinson, Mrs. Mary",female,26.24,0,0,46983,18.7278,,S
44,1,2,"Garcia, Mrs. Mary",female,0.42,1,0,885189,9.8001,,S
45,0,3,"Wilson, Master. Henry",male,12.22,0,0,617263,11.6096,,S
46,0,3,"White, Miss. Margaret",female,33.94,0,0,569910,40.2699,,C
47,0,2,"Garcia, Mr. John",male,45.77,1,0,577543,25.0413,,S
48,1,2,"White, Miss. Florence",female,,0,1,854397,22.7432,F95,S
49,1,3,"Jones, Master. Thomas",male,4.3,0,0,771595,14.3189,,S
50,0,1,"Martin, Mr. James",male,41.92,0,0,673411,148.4083,C6,S
51,1,1,"Johnson, Mrs. Mary",female,51.2,0,0,784190,122.6169,,C
52,0,1,"Moore, Mr. Charles",male,,4,1,295630,88.5046,,S
53,0,3,"Harris, Mr. Frank",male,24.9,0,1,714604,13.1619,,S
54,0,3,"Smith, Mr. Charles",male,,0,0,975267,12.5227,,C
55,0,3,"Martin, Mr. Henry",male,21.09,0,0,242614,10.7203,,C
56,0,3,"Miller, Mrs. Mary",female,0.92,0,0,575294,3.8105,,S
57,1,3,"Brown, Miss. Margaret",female,20.77,1,0,684399,16.4812,,S
58,1,3,"Moore, Miss. Margaret",female,20.75,0,0,521587,7.1149,A72,S
59,1,1,"Johnson, Mr. William",male,,1,0,969158,59.7284,,S
60,1,1,"Miller, Mr. Charles",male,30.67,0,1,409474,128.4058,,S
61,0,3,"Johnson, Mr. Edward",male,,0,0,225671,10.9151,,S
62,0,3,"Moore, Mr. William",male,24.48,0,0,144980,10.2736,,C
63,1,3,"Martinez, Mr. Edward",male,30.75,1,0,850791,12.6775,,S
64,0,3,"Williams, Mrs. Anna",female,21.04,0,0,689350,8.785,A117,C
65,0,3,"Smith, Mrs. Florence",female,,0,0,582219,39.702,,Q
66,1,3,"Wilson, Miss. Margaret",female,26.2,1,0,436490,36.1579,,S
67,0,3,"Anderson, Master. George",male,0.42,0,1,415844,35.5363,,S
68,0,2,"Smith, Mr. John",male,36.2,0,0,935265,21.478,,S
69,0,1,"Martin, Mr. Thomas",male,37.99,0,0,683561,41.3225,B104,C
70,0,2,"Thompson, Mr. Thomas",male,30.52,1,0,965445,31.9216,,S
71,0,1,"Taylor, Mr. Henry",male,50.49,0,0,803490,54.1974,,S
72,0,2,"Garcia, Master. Henry",male,4.61,0,6,769963,33.8694,,S
73,0,3,"Williams, Master. John",male,0.42,0,0,558099,6.4748,,C
74,1,1,"Moore, Miss. Florence",female,,0,0,250069,92.6501,,S
75,0,1,"Robinson, Mr. William",male,37.91,0,0,657018,152.3372,D127,S
76,1,2,"Thompson, Mrs. Ida",female,,0,4,718819,13.8217,,S
77,0,2,"Robinson, Mr. John",male,23.99,0,0,526749,13.7823,,S
78,0,3,"Jones, Mr. Robert",male,33.64,0,0,30217,2.8914,,Q
79,0,3,"Harris, Mr. Frank",male,37.12,1,0,960402,6.646,,Q
80,0,3,"Moore, Mr. James",male,31.29,0,0,828135,14.1506,,C
81,0,3,"Anderson, Mr. Edward",male,21.61,0,0,358682,15.7386,,S
82,1,2,"Taylor, Master. Robert",male,,1,0,498681,26.0512,,S
83,0,3,"Thomas, Mrs. Emily",female,35.0,1,0,132132,1.8458,,S
84,0,1,"Thomas, Major. Henry",male,53.88,1,0,937371,54.4047,A103,S
85,1,1,"Davis, Mr. Frank",male,,0,0,238322,19.969,,S
86,0,1,"Garcia, Mr. Robert",male,26.56,0,1,383982,83.6084,,C
87,0,3,"Miller, Mr. James",male,33.76,0,0,434264,2.353,,S
88,1,3,"Wilson, Mr. James",male,36.19,0,0,270541,4.2576,,S
89,0,1,"Harris, Mr. James",male,58.26,0,0,638338,121.1647,,Q
90,1,3,"White, Miss. Florence",female,13.61,0,6,995104,7.3088,,S
91,0,1,"Robinson, Miss. Margaret",female,,0,0,856700,172.7562,,S
92,0,3,"Davis, Miss. Elizabeth",female,,0,0,535370,17.7331,,C
93,1,2,"Anderson, Mr. Robert",male,,0,1,139655,13.8833,D125,S
94,0,2,"Williams, Mr. Thomas",male,15.47,0,0,864549,32.8457,,S
95,1,2,"White, Miss. Anna",female,35.39,1,0,264172,14.8303,,S
96,0,3,"Jackson, Mr. William",male,32.52,1,0,911945,18.9854,,C
97,0,2,"Brown, Mr. Charles",male,31.14,0,0,401476,9.5313,,S
98,1,1,"Martin, Mr. James",male,40.85,0,0,523283,139.976,F101,S
99,1,1,"Wilson, Mrs. Nora",female,34.64,0,0,442323,15.9489,,S
100,0,3,"Wilson, Mr. James",male,44.22,0,0,461156,4.2516,C32,S
101,1,3,"Moore, Miss. Emily",female,13.29,1,1,173329,4.9657,F144,C
102,1,3,"Robinson, Miss. Emily",female,17.36,0,0,557356,6.9582,,S
103,0,2,"Johnson, Mr. Henry",male,,0,0,408941,21.7269,,S
104,1,3,"Martin, Miss. Emily",female,36.43,0,1,849261,11.3657,,S
105,0,3,"Garcia, Master. Edward",male,5.53,0,0,482447,19.1379,,S
106,0,3,"Jones, Master. Charles",male,7.97,0,1,965012,25.08,,S
107,0,3,"Anderson, Master. Charles",male,0.42,0,0,303699,2.3008,,S
108,1,2,"Jackson, Mrs. Helen",female,30.43,3,0,335038,40.6106,,S
109,0,1,"Williams, Mr. George",male,23.46,0,0,46357,59.7221,,S
110,0,3,"Smith, Mr. George",male,20.0,0,0,741243,35.0834,,C
111,0,3,"Moore, Mr. Robert",male,33.6,0,1,82736,6.1283,,Q
112,0,1,"Robinson, Mr. Robert",male,29.66,0,1,292520,9.8868,,S
113,0,2,"Johnson, Mr. William",male,33.01,0,4,911445,26.7458,,S
114,0,3,"Martin, Mr. James",male,,0,0,614842,17.0977,,S
115,1,1,"Taylor, Mr. Charles",male,46.74,1,1,563190,26.7303,,S
116,0,3,"Garcia, Miss. Mary",female,,0,0,806740,4.7817,E14,S
117,0,3,"Smith, Mr. George",male,16.0,0,2,773777,20.1407,,Q
118,0,3,"Brown, Miss. Helen",female,22.81,0,0,887620,15.03,,C
119,0,2,"Miller, Mr. George",male,43.57,0,1,668620,13.4453,,S
120,1,3,"Smith, Mrs. Emily",female,,0,0,454228,16.1387,,Q
121,0,3,"Anderson, Master. James",male,,1,0,139354,13.9664,,S
122,0,3,"Miller, Mr. James",male,,0,0,376057,5.2603,,S
123,1,1,"Smith, Miss. Emily",female,23.9,0,0,708190,129.925,,S
124,0,2,"Moore, Mr. Henry",male,48.36,1,0,260916,27.5826,,S
125,0,1,"Miller, Mr. Edward",male,,0,4,674264,70.8988,,C
126,0,3,"Jackson, Miss. Emily",female,,0,0,142082,20.1498,E58,S
127,0,2,"Thompson, Miss. Helen",female,32.04,0,0,69811,56.8354,,S
128,0,1,"Harris, Mr. Edward",male,35.28,0,0,371268,28.9968,F77,S
129,0,1,"Moore, Mr. Edward",male,46.82,0,0,237578,57.0874,,C
130,1,3,"Thompson, Miss. Helen",female,20.18,1,0,873257,9.6788,,S
131,1,1,"Jackson, Miss. Mary",female,41.06,1,2,384490,121.6769,,S
132,0,3,"Moore, Miss. Mary",female,36.34,1,5,424621,6.8858,G45,S
133,0,3,"Williams, Mr. William",male,17.7,8,0,409468,19.0815,,C
134,1,2,"Taylor, Miss. Florence",female,,1,0,324119,11.3546,,S
135,0,3,"Martinez, Master. Edward",male,9.47,1,0,918546,4.2328,,S
136,1,1,"Moore, Miss. Margaret",female,24.16,1,1,741740,74.0989,F64,C
137,0,3,"Harris, Master. Robert",male,1.23,1,0,167258,7.4514,,S
138,0,3,"Garcia, Miss. Helen",female,34.49,1,0,223428,12.9977,,S
139,0,3,"White, Mr. Robert",male,48.52,2,3,90197,15.3574,,S
140,0,1,"Jackson, Mr. Henry",male,56.53,0,1,263723,15.2791,,S
141,0,3,"Johnson, Mrs. Anna",female,3.86,0,0,660007,8.1802,E72,S
142,0,3,"Anderson, Mr. William",male,34.42,0,0,936548,12.0927,,S
143,1,3,"Harris, Miss. Alice",female,43.49,1,0,486821,20.2094,,S
144,0,3,"Robinson, Mr. Robert",male,19.06,0,0,90773,18.5282,,S
145,0,3,"Wilson, Mrs. Mary",female,26.32,1,0,56910,5.669,,S
146,0,2,"Jones, Master. Robert",male,3.9,1,0,420484,15.0478,D32,Q
147,0,2,"Martin, Mr. William",male,33.47,3,0,272041,23.8426,F112,S
148,0,3,"Jones, Master. William",male,11.17,0,0,580983,9.5193,A93,S
149,0,2,"Thomas, Rev. Edward",male,32.6,1,0,127104,9.2253,,S
150,1,1,"Robinson, Mr. James",male,17.7,1,0,237957,67.6704,C12,S
151,0,3,"Thompson, Miss. Margaret",female,,2,2,560277,14.8752,,S
152,0,3,"Thompson, Mrs. Mary",female,38.32,1,0,288202,5.1938,F68,S
153,1,1,"Jackson, Miss. Nora",female,27.82,0,2,371057,105.3034,,S
154,0,3,"Smith, Master. Edward",male,10.22,0,0,229626,12.6296,,S
155,1,1,"Williams, Master. Thomas",male,9.97,0,0,60992,108.0036,,C
156,0,3,"Harris, Mr. Thomas",male,21.54,5,1,351733,10.8501,F59,C
157,1,2,"Garcia, Miss. Margaret",female,22.44,0,0,336424,51.291,,C
158,1,3,"Moore, Mrs. Emily",female,4.84,1,0,899519,14.6689,,S
159,0,3,"Brown, Mr. William",male,,1,0,893791,19.0237,,S
160,0,3,"Johnson, Miss. Ida",female,19.15,0,0,437271,17.1256,,S
161,0,1,"Jones, Mr. Charles",male,24.02,0,0,295103,61.0357,,C
162,0,3,"Taylor, Mr. William",male,17.79,0,0,423650,13.736,D14,Q
163,1,1,"Martin, Mr. Thomas",male,51.93,1,0,611817,43.0574,,Q
164,0,1,"Thomas, Mr. Henry",male,45.84,0,0,392714,200.226,,S
165,0,3,"Williams, Miss. Nora",female,23.31,0,0,758585,15.848,,C
166,1,2,"Williams, Miss. Mary",female,38.05,1,0,964473,8.7585,,S
167,0,3,"Smith, Master. Robert",male,9.91,0,0,409312,27.8574,,C
168,0,3,"Thompson, Mr. William",male,25.42,1,0,126126,10.3521,F43,S
169,1,2,"Martin, Miss. Alice",female,31.92,0,0,129604,31.268,,S
170,0,3,"Williams, Mrs. Alice",female,18.89,0,0,873155,2.4197,,S
171,0,2,"Jones, Mr. Robert",male,35.66,0,0,421934,36.7085,,Q
172,0,3,"Anderson, Mr. Edward",male,14.85,0,0,333889,15.3884,D129,S
173,0,2,"Thomas, Mr. Robert",male,36.63,0,0,623203,8.1576,,S
174,0,3,"Harris, Mr. Frank",male,32.17,1,0,956945,15.1977,,S
175,1,1,"Jones, Mrs. Ida",female,,0,6,430406,187.1201,,S
176,1,1,"Thompson, Mr. Frank",male,53.47,0,2,322074,44.1317,,Q
177,1,2,"Miller, Miss. Margaret",female,,0,0,864092,10.6511,,S
178,0,3,"Moore, Mr. John",male,16.99,0,0,92045,9.8383,,S
179,0,3,"Davis, Mr. John",male,38.33,2,0,845826,12.0082,,C
180,0,3,"Brown, Miss. Helen",female,20.88,0,1,524840,21.8376,,S
181,0,3,"Williams, Master. Charles",male,,8,1,29957,15.9996,,S
182,1,3,"Moore, Master. James",male,10.78,0,0,235586,9.8317,,S
183,1,3,"Thompson, Miss. Nora",female,38.35,0,0,682431,14.1662,,S
184,1,2,"Jackson, Mrs. Emily",female,,0,0,755459,50.6195,,S
185,0,3,"Jones, Mr. Henry",male,39.68,0,1,203666,17.9773,A53,S
186,0,3,"Martin, Mr. Charles",male,,1,1,660731,10.6563,B32,S
187,0,2,"Harris, Mr. Thomas",male,14.5,0,0,989373,14.3795,,C
188,0,1,"Jackson, Mr. John",male,30.42,0,0,689603,83.1932,,C
189,0,3,"Davis, Master. John",male,11.78,0,0,705423,21.6562,,C
190,0,2,"Davis, Mr. Henry",male,41.26,0,0,201554,9.5449,,S
191,0,3,"Brown, Mrs. Ida",female,,2,2,641120,19.682,,S
192,1,1,"Miller, Miss. Alice",female,,3,0,711543,64.3463,,Q
193,1,1,"Anderson, Mrs. Anna",female,,1,0,119536,71.726,,C
194,0,3,"Brown, Miss. Margaret",female,13.78,1,0,318217,51.7089,C21,S
195,1,1,"Johnson, Miss. Helen",female,54.82,1,0,883764,112.4243,,S
196,1,1,"Anderson, Miss. Ida",female,20.45,0,1,998686,46.8623,,S
197,0,3,"Garcia, Mrs. Margaret",female,45.85,1,0,181471,15.3568,,S
198,0,3,"Thompson, Mr. James",male,,0,1,734449,22.3935,,S
199,1,1,"Moore, Mr. Frank",male,22.89,1,0,506607,113.276,D3,S
200,1,2,"Taylor, Mr. Edward",male,,3,0,594506,1.9448,,Q
201,0,3,"Garcia, Rev. Charles",male,,0,0,515817,11.3404,,S
202,0,3,"Miller, Master. George",male,,1,0,868445,15.8339,,S
203,0,3,"Garcia, Mr. Thomas",male,26.23,2,0,450660,14.9464,B46,S
204,0,1,"Thompson, Mr. Robert",male,22.04,0,0,593417,49.9668,,C
205,0,1,"Jones, Master. George",male,9.66,0,0,672579,114.6146,,C
206,0,1,"Moore, Mr. Frank",male,33.06,2,0,557221,150.8479,C14,S
207,1,1,"Martinez, Mrs. Florence",female,,3,0,880834,15.7994,,S
208,1,3,"Wilson, Miss. Ida",female,15.22,0,0,244942,2.3292,,S
209,0,1,"Moore, Mr. Frank",male,26.18,0,1,948524,93.5719,,C
210,0,3,"Williams, Master. George",male,13.67,1,2,681330,19.7603,,S
211,0,3,"Moore, Mr. John",male,51.01,0,0,960454,7.2228,,C
212,1,3,"Jones, Miss. Helen",female,25.73,0,1,380897,1.3979,,S
213,1,1,"Brown, Miss. Anna",female,41.19,0,0,484051,70.4012,G61,S
214,0,3,"Johnson, Master. James",male,,0,6,52651,15.1056,,S
215,1,3,"Moore, Mrs. Alice",female,16.5,0,0,924739,9.2349,C70,S
216,0,3,"Jackson, Mr. George",male,27.8,0,0,817900,22.7683,,S
217,0,1,"Anderson, Mr. Thomas",male,24.68,0,0,303341,88.6713,,S
218,1,1,"Jones, Mrs. Helen",female,49.8,1,1,61354,40.4618,,C
219,0,3,"Johnson, Master. Henry",male,,0,0,699872,7.1769,,S
220,0,2,"Wilson, Mr. William",male,26.28,0,0,675576,17.46,,Q
221,0,2,"Williams, Mr. George",male,22.38,0,0,532398,13.0986,D14,S
222,0,3,"Wilson, Rev. Thomas",male,27.14,0,0,165153,2.171,,S
223,1,3,"Brown, Miss. Alice",female,,0,1,919205,13.5892,F76,Q
224,0,3,"Martinez, Miss. Ida",female,21.48,0,0,438243,7.3322,,C
225,1,2,"Martin, Mr. George",male,26.93,0,0,727317,12.535,,S
226,0,3,"Garcia, Mr. Robert",male,15.45,0,0,860499,4.691,F116,S
227,1,1,"Thompson, Miss. Florence",female,,0,0,552842,190.3249,,S
228,0,3,"Davis, Mr. Robert",male,28.1,0,0,103475,17.5959,,S
229,1,3,"Anderson, Miss. Mary",female,23.85,2,1,888837,36.0929,,S
230,1,1,"Harris, Miss. Elizabeth",female,,1,3,670478,56.4027,,S
231,0,1,"Wilson, Mr. John",male,48.36,0,0,895437,112.1503,G77,S
232,1,2,"Taylor, Mrs. Margaret",female,26.93,0,0,616491,20.5905,,S
233,0,3,"Brown, Mr. Henry",male,,0,0,908377,6.8159,G94,Q
234,0,3,"Martin, Mr. William",male,,0,0,868853,9.1259,,C
235,0,3,"Johnson, Dr. Henry",male,47.06,0,0,223478,17.5734,A65,C
236,0,3,"White, Master. George",male,,0,0,181007,4.6849,,S
237,1,3,"Jackson, Miss. Mary",female,35.01,0,0,168627,22.9197,,S
238,1,3,"Taylor, Mrs. Anna",female,0.42,0,0,801788,12.9555,F123,S
239,1,1,"White, Miss. Nora",female,40.82,1,0,247982,128.334,,S
240,1,1,"Anderson, Miss. Emily",female,58.48,1,1,455619,92.8782,,S
241,1,3,"White, Mr. Thomas",male,31.35,1,0,790094,2.5983,F73,S
242,0,3,"Smith, Mr. William",male,27.22,0,0,434357,11.3469,,S
243,1,1,"Miller, Mrs. Helen",female,30.71,0,2,71234,142.5723,,S
244,0,3,"Moore, Mrs. Helen",female,25.4,0,0,368166,12.8172,,S
245,0,3,"Taylor, Mr. Thomas",male,21.72,1,0,103644,11.5654,,S
246,0,3,"Martin, Rev. James",male,14.78,0,0,391718,12.8081,,S
247,0,3,"Robinson, Mr. Thomas",male,21.23,0,0,739351,1.9874,,S
248,0,2,"Smith, Mr. William",male,32.58,0,0,524759,37.2084,E71,Q
249,0,2,"Robinson, Miss. Ida",female,,2,0,678127,1.4844,B55,S
250,0,2,"Taylor, Mr. George",male,19.52,0,0,115731,42.3991,C89,C
251,0,3,"Smith, Mrs. Florence",female,,0,0,752643,8.6947,,C
252,0,3,"White, Miss. Margaret",female,30.08,0,0,430814,15.9013,,S
253,1,3,"Davis, Miss. Ida",female,32.09,0,0,294123,1.7973,,S
254,0,2,"Moore, Mr. Robert",male,33.01,0,0,655460,29.3507,D105,S
255,0,1,"Wilson, Mr. Charles",male,,0,0,143486,106.6462,,S
256,0,3,"Miller, Miss. Florence",female,26.14,0,1,503209,16.6684,,S
257,1,3,"Garcia, Mrs. Helen",female,30.1,1,0,427958,1.7035,,C
258,0,1,"Jones, Mr. Charles",male,41.95,0,0,174171,37.1959,C100,Q
259,1,1,"Anderson, Miss. Emily",female,36.81,1,0,952681,93.225,,S
260,0,3,"Martin, Mr. Charles",male,18.1,0,0,369420,24.419,B11,S
261,1,1,"Davis, Miss. Emily",female,66.78,1,2,50360,32.5525,E48,S
262,0,3,"Williams, Mr. Frank",male,,0,0,448531,5.4406,,C
263,0,2,"Garcia, Dr. Edward",male,21.34,0,0,966993,21.7051,,S
264,0,1,"Moore, Mr. Henry",male,,0,2,672185,299.0314,,S
265,0,3,"Anderson, Mr. George",male,28.27,3,0,640372,6.9174,,C
266,0,1,"Garcia, Mr. John",male,19.74,0,0,901757,52.8011,,S
267,0,2,"Martin, Mr. Frank",male,44.59,1,0,93077,11.4142,E29,S
268,0,1,"Anderson, Mr. James",male,,1,0,554871,64.4605,,S
269,1,1,"Martin, Miss. Elizabeth",female,,0,0,327608,157.6603,,S
270,0,1,"Garcia, Mr. Edward",male,53.45,0,0,679603,67.0943,B109,S
271,1,1,"Wilson, Miss. Alice",female,46.13,0,0,854203,317.5655,,S
272,1,1,"Smith, Mrs. Alice",female,21.56,0,1,86417,76.5237,,S
273,0,1,"Johnson, Mr. Thomas",male,61.1,0,0,166602,167.8064,F64,C
274,0,3,"Jackson, Mr. Robert",male,,0,0,954921,9.128,,S
275,0,3,"Thompson, Mrs. Mary",female,24.87,0,0,497041,3.8215,,Q
276,1,2,"Anderson, Miss. Anna",female,50.67,0,0,322056,16.3538,,S
277,0,2,"Johnson, Mr. Robert",male,32.07,1,0,160718,25.2028,,C
278,1,3,"Miller, Miss. Helen",female,24.63,0,1,360748,6.1132,,S
279,0,3,"Garcia, Mr. Edward",male,16.42,1,0,14949,24.5588,,C
280,0,3,"Harris, Rev. George",male,32.56,0,0,230614,7.9334,,S
281,1,1,"Wilson, Miss. Elizabeth",female,,0,0,191176,28.7729,,S
282,0,1,"Martinez, Mr. George",male,38.19,0,0,93823,279.681,,S
283,1,1,"Thomas, Mrs. Mary",female,27.73,0,0,969334,35.8049,A102,S
284,0,2,"Taylor, Mr. Frank",male,,0,2,792145,11.5881,,Q
285,0,3,"Taylor, Mrs. Emily",female,24.09,3,0,940975,18.806,C117,Q
286,0,2,"Thompson, Master. James",male,12.66,0,0,248084,13.2906,,C
287,1,1,"Martinez, Mr. Henry",male,18.87,0,6,295538,29.7355,,S
288,0,2,"Moore, Mr. Edward",male,37.35,0,0,289860,10.6699,,C
289,0,3,"Johnson, Master. William",male,0.42,0,2,562925,37.656,,C
290,1,1,"Williams, Miss. Emily",female,40.67,0,0,189978,105.8491,,S
291,1,3,"Garcia, Dr. Frank",male,18.78,0,0,243128,19.6827,,S
292,1,1,"Harris, Mr. John",male,55.01,0,2,975135,85.8427,,S
293,0,3,"Martinez, Mr. John",male,18.58,0,0,358651,15.7497,,S
294,0,1,"Anderson, Mr. Frank",male,,0,0,783223,51.234,,S
295,0,3,"Garcia, Mrs. Nora",female,19.84,8,0,236666,12.7593,C69,C
296,0,3,"Thomas, Mr. George",male,,0,0,930599,1.5315,,S
297,0,3,"Moore, Miss. Florence",female,34.58,0,0,696892,22.2581,,S
298,0,3,"White, Mr. Frank",male,,3,0,863105,8.2949,,S
299,0,3,"Thomas, Mrs. Alice",female,37.96,0,0,521202,4.1477,,C
300,1,3,"Brown, Master. James",male,,0,0,907232,13.3009,,Q
301,0,3,"Moore, Mr. William",male,28.83,1,0,369025,9.9385,,C
302,0,1,"Jackson, Mrs. Nora",female,49.99,2,0,484243,133.2021,B132,S
303,0,3,"Harris, Miss. Ida",female,33.58,1,0,70963,11.1129,,S
304,0,3,"Thomas, Mrs. Nora",female,49.91,0,0,178835,7.0023,,S
305,0,3,"Martinez, Mr. John",male,15.08,5,0,773485,11.3171,,S
306,0,3,"Jackson, Master. George",male,7.07,0,0,333611,29.4572,,S
307,1,2,"Robinson, Mrs. Florence",female,17.07,8,0,110985,33.2403,A31,S
308,0,3,"Smith, Mr. Robert",male,33.59,1,0,299526,17.2322,,S
309,0,2,"Williams, Miss. Elizabeth",female,36.47,2,0,359272,34.218,,S
310,1,1,"Johnson, Mr. Edward",male,39.33,0,0,719961,111.384,,C
311,0,3,"Taylor, Master. Frank",male,,0,6,99597,5.475,,S
312,0,2,"Robinson, Miss. Emily",female,39.97,0,2,35415,29.6158,,
313,1,1,"Taylor, Miss. Elizabeth",female,22.08,0,0,726873,151.5081,,S
314,1,2,"Martin, Mr. George",male,45.07,0,2,150621,38.3719,,S
315,0,2,"Martin, Mr. James",male,67.15,2,1,425457,6.7073,B81,S
316,0,2,"Brown, Mr. John",male,,0,0,686055,11.6157,,S
317,0,2,"White, Mr. George",male,37.58,0,0,519015,10.2392,,S
318,0,3,"Davis, Mr. William",male,18.59,0,0,132207,9.0585,,S
319,0,2,"Jackson, Master. Thomas",male,,0,0,724959,23.9343,,S
320,0,3,"Robinson, Mrs. Alice",female,,0,0,57808,13.0568,F40,C
321,1,3,"White, Miss. Mary",female,10.79,0,0,239997,13.0596,,C
322,0,3,"Martinez, Master. James",male,6.19,1,0,118122,3.4285,,S
323,0,2,"Davis, Mr. Edward",male,52.39,1,2,517471,11.2631,,S
324,0,3,"Robinson, Mr. John",male,28.55,0,0,693766,26.9085,,S
325,0,3,"White, Mr. John",male,29.94,0,0,653403,24.639,,S
326,0,3,"Johnson, Mr. Charles",male,20.98,0,0,147931,10.9718,,S
327,0,3,"Thomas, Mr. Robert",male,22.75,1,0,349927,19.829,,S
328,1,3,"Robinson, Miss. Emily",female,37.54,1,1,154841,14.9916,,S
329,0,3,"Moore, Mr. Charles",male,,0,0,349269,21.3307,,Q
330,1,2,"Taylor, Mr. John",male,36.9,1,0,237996,30.5632,,S
331,0,3,"Jackson, Mr. Edward",male,22.45,0,0,742990,11.6452,D109,C
332,1,1,"Moore, Miss. Alice",female,33.55,0,0,753400,106.1118,E63,S
333,0,3,"Martinez, Master. Frank",male,6.71,1,0,820205,15.6983,,S
334,0,3,"Miller, Master. James",male,0.42,0,1,208349,11.8773,,Q
335,1,1,"Thompson, Mrs. Emily",female,34.6,0,0,23360,61.5717,,S
336,0,3,"Jackson, Mr. Robert",male,25.73,0,0,45021,34.3471,,S
337,0,1,"Brown, Mr. Charles",male,,0,0,845048,72.8916,,Q
338,0,3,"Martin, Mrs. Elizabeth",female,24.55,0,0,906803,18.999,,S
339,1,1,"Anderson, Mr. Thomas",male,38.7,0,0,219647,200.1946,,S
340,0,3,"Jones, Master. Robert",male,0.42,0,0,877554,17.2863,D57,S
341,1,1,"Jones, Mr. Thomas",male,26.1,0,0,534446,102.7107,,S
342,1,3,"Anderson, Mr. Thomas",male,30.29,1,0,192970,11.9397,,S
343,1,3,"Martinez, Miss. Alice",female,,0,2,319803,15.8976,,S
344,0,3,"Johnson, Master. William",male,10.0,2,0,272688,9.4037,,C
345,0,3,"Anderson, Mr. William",male,27.06,0,0,765984,56.0762,,S
346,0,3,"Smith, Mr. Thomas",male,38.29,0,0,196671,3.5081,C20,S
347,1,3,"Davis, Mr. Frank",male,35.1,0,0,191237,10.5274,,S
348,0,2,"Martinez, Mr. George",male,28.76,1,0,722338,26.1624,,S
349,0,3,"White, Mr. James",male,,0,0,309180,16.7621,C121,Q
350,1,1,"White, Mrs. Ida",female,,1,0,257508,57.58,,S
351,0,3,"Martinez, Mr. James",male,31.08,0,0,809722,2.3562,,S
352,1,1,"Jones, Mr. James",male,40.54,0,0,932134,25.0975,D89,C
353,0,3,"Martinez, Mr. Robert",male,33.18,0,0,559813,13.7268,C30,C
354,0,3,"Anderson, Mr. Charles",male,26.71,0,0,829363,1.6521,,Q
355,0,3,"White, Mr. Henry",male,35.64,0,0,842857,18.3434,G82,S
356,0,3,"Davis, Mr. Edward",male,26.23,0,0,592516,26.0317,C145,S
357,0,3,"Miller, Mr. John",male,35.2,0,0,831399,20.6165,,S
358,0,3,"Williams, Miss. Margaret",female,36.32,0,1,18848,23.4314,,S
359,0,3,"Thomas, Miss. Helen",female,14.54,0,2,44962,1.73,,C
360,0,3,"Thompson, Master. George",male,1.49,0,0,884831,9.684,,S
361,0,3,"Moore, Mr. John",male,45.07,0,0,149027,5.1033,,S
362,0,1,"Martinez, Mr. William",male,41.34,0,0,730483,17.1749,,C
363,0,1,"Martin, Mr. Frank",male,,0,0,425924,50.0719,,Q
364,1,1,"Martinez, Mr. Thomas",male,28.72,0,0,790027,196.9825,,S
365,1,3,"Harris, Miss. Emily",female,35.03,0,1,668558,37.9599,,Q
366,1,2,"Williams, Miss. Mary",female,26.36,1,0,81106,8.5487,,S
367,0,3,"Anderson, Miss. Helen",female,18.34,0,0,343463,12.5208,,S
368,0,3,"Harris, Major. Robert",male,43.21,0,0,711473,15.7393,,S
369,1,2,"Anderson, Mrs. Ida",female,,1,0,922335,14.5725,,Q
370,0,3,"Johnson, Dr. William",male,14.62,0,1,806542,27.2761,,C
371,0,3,"Martinez, Mr. John",male,27.75,0,0,892943,8.2677,,S
372,0,2,"Davis, Mr. Charles",male,35.08,3,0,957068,10.7533,,S
373,1,2,"White, Mrs. Elizabeth",female,36.45,2,0,895276,8.9534,,S
374,0,2,"Martin, Mr. Robert",male,41.85,1,0,584665,14.4927,D77,S
375,1,1,"Wilson, Miss. Florence",female,40.58,0,0,342782,3.2656,,C
376,0,1,"Smith, Mr. Edward",male,44.36,0,0,512960,61.6106,,S
377,0,3,"White, Mrs. Ida",female,21.63,8,0,797734,13.0929,,C
378,0,2,"Miller, Mr. William",male,30.82,3,0,431142,20.5051,,S
379,0,2,"Garcia, Mr. James",male,,0,1,832517,7.2224,,S
380,0,3,"Taylor, Mrs. Alice",female,27.8,0,0,704274,13.5133,,S
381,0,3,"Moore, Mr. Charles",male,35.04,0,0,217223,13.3092,E85,Q
382,0,3,"Harris, Dr. John",male,,0,1,921612,13.5254,E108,S
383,0,3,"Garcia, Mr. Henry",male,25.57,1,0,847796,20.8891,,S
384,0,3,"Brown, Mr. Thomas",male,14.48,0,0,603756,4.6433,,S
385,1,2,"Miller, Mr. James",male,30.88,0,2,202166,14.7087,,C
386,0,3,"Wilson, Mr. Edward",male,24.64,0,0,235010,2.1859,,C
387,0,3,"Thompson, Mr. Frank",male,27.51,0,0,841048,19.585,,C
388,1,3,"Thompson, Miss. Elizabeth",female,53.68,0,0,27398,5.3345,B78,S
389,0,1,"Garcia, Mr. Frank",male,31.19,0,0,488774,141.6645,,C
390,0,3,"Williams, Mr. John",male,30.49,0,0,622921,23.6544,,S
391,0,3,"Miller, Rev. James",male,38.89,3,1,240176,10.59,F67,S
392,1,1,"Miller, Mr. Thomas",male,39.27,0,0,865951,62.3423,,S
393,0,3,"Jones, Mr. Frank",male,,0,1,527092,3.2073,,S
394,1,3,"Robinson, Miss. Elizabeth",female,20.09,0,0,75315,12.2221,,Q
395,1,1,"White, Mrs. Alice",female,42.21,0,0,326960,127.3207,,Q
396,0,3,"Miller, Mr. Thomas",male,14.62,0,0,403595,14.7651,,S
397,0,3,"White, Mr. Charles",male,20.43,0,0,230578,29.4716,C101,S
398,0,2,"Thompson, Mr. Thomas",male,33.24,0,0,940645,13.3942,,C
399,0,3,"Martin, Mr. Henry",male,36.0,0,0,366900,8.9419,,Q
400,0,2,"Davis, Mr. William",male,34.15,0,0,506659,8.4731,C145,C
401,1,2,"Jones, Mrs. Emily",female,46.37,0,0,539907,63.7122,D117,S
402,0,3,"Thompson, Mr. Frank",male,23.77,0,0,228451,3.1771,,S
403,0,3,"Thomas, Mr. Edward",male,20.68,0,0,572233,19.7531,C70,
404,0,1,"Brown, Mr. William",male,73.15,0,0,360119,129.1193,,C
405,0,3,"Harris, Mr. James",male,30.13,0,0,20217,20.4501,,C
406,1,3,"Martinez, Mr. John",male,15.65,0,0,414057,6.0868,,S
407,0,2,"Martin, Mr. Frank",male,,0,0,588003,15.8394,,S
408,0,3,"Thompson, Mrs. Helen",female,,0,0,126116,17.8378,,S
409,0,1,"Anderson, Mr. Edward",male,50.18,8,0,781588,44.7388,,C
410,0,3,"Davis, Mr. George",male,20.26,8,0,664183,9.4708,,S
411,0,3,"Martinez, Mr. James",male,,8,0,316867,7.4031,,S
412,0,3,"Wilson, Mrs. Mary",female,24.17,0,0,596242,12.8474,,C
413,0,1,"Anderson, Mr. Edward",male,,0,0,310620,74.9972,,C
414,1,3,"Smith, Miss. Florence",female,13.99,0,1,651245,32.9788,,S
415,1,1,"Moore, Miss. Helen",female,24.02,0,1,162405,111.0464,,C
416,1,1,"Jones, Mr. John",male,40.92,0,0,614683,24.2467,,S
417,1,1,"Johnson, Mrs. Alice",female,45.81,0,0,64546,26.1425,,S
418,0,3,"Taylor, Dr. Thomas",male,29.32,0,0,26505,19.9949,F22,S
419,1,1,"Taylor, Mrs. Anna",female,27.48,0,6,261767,74.3995,,S
420,0,3,"White, Mr. James",male,,0,0,182718,40.9476,D23,Q
421,1,3,"Davis, Miss. Emily",female,15.33,1,0,495811,40.8717,,C
422,1,1,"Miller, Mr. George",male,31.22,0,0,173916,34.5441,,S
423,1,1,"Taylor, Mr. Thomas",male,25.73,1,0,252012,91.5282,,C
424,0,1,"Miller, Mr. Thomas",male,54.92,0,0,106971,26.4501,,S
425,0,3,"Jackson, Miss. Helen",female,33.23,0,0,888040,19.7631,D120,S
426,0,3,"Brown, Rev. James",male,32.86,0,0,738120,36.1075,,C
427,0,1,"Harris, Major. Charles",male,54.21,0,0,225482,82.5477,,S
428,0,3,"Davis, Miss. Ida",female,,0,1,128935,8.7027,,S
429,1,1,"Davis, Miss. Alice",female,15.78,0,1,851747,98.324,,S
430,0,3,"Harris, Mr. Thomas",male,15.4,0,0,671511,22.615,,S
431,0,3,"Garcia, Rev. Frank",male,16.99,0,0,886989,22.7184,,Q
432,0,3,"Williams, Master. John",male,,0,0,186606,8.78,D126,S
433,1,3,"White, Miss. Florence",female,10.99,2,1,365186,7.1464,G116,S
434,0,3,"Williams, Mr. Frank",male,21.1,0,0,127126,14.3567,,S
435,1,1,"Martinez, Mrs. Mary",female,22.18,0,0,429116,56.7216,,Q
436,1,1,"Thompson, Mr. William",male,,0,1,170904,167.2807,,S
437,1,1,"Wilson, Mr. Edward",male,,0,0,14111,56.1875,C129,S
438,0,3,"Jones, Mr. John",male,31.25,0,0,513318,12.7559,,S
439,0,3,"Robinson, Mr. William",male,,0,0,979266,15.7535,F70,S
440,1,3,"Brown, Mrs. Emily",female,32.84,1,0,649027,3.2945,,S
441,0,3,"Jones, Mr. Edward",male,20.15,0,0,759356,7.6548,C141,S
442,0,1,"Johnson, Mr. George",male,65.57,0,0,813804,243.8917,D58,S
443,0,3,"Moore, Miss. Nora",female,28.05,0,2,972497,21.9692,,S
444,1,1,"Anderson, Mrs. Nora",female,,1,0,137276,55.595,,C
445,1,2,"Jones, Mrs. Alice",female,,1,1,258246,29.6563,,S
446,0,3,"Thompson, Master. John",male,2.37,3,0,620024,26.9832,,S
447,0,3,"Martinez, Mr. Edward",male,25.23,0,0,822836,10.2082,,S
448,0,3,"White, Miss. Elizabeth",female,23.42,0,2,776100,21.2598,,S
449,0,1,"Thompson, Mr. Henry",male,,0,0,730357,117.9757,,C
450,0,3,"Miller, Mr. George",male,51.14,1,0,319280,4.3806,,C
451,1,1,"Johnson, Mrs. Margaret",female,45.14,0,0,371188,62.8578,,C
452,0,3,"Brown, Mr. George",male,34.44,0,0,88918,33.5532,,S
453,0,3,"Anderson, Master. George",male,,0,1,320761,39.0411,,S
454,1,1,"White, Mrs. Nora",female,25.01,0,0,164386,135.4567,,S
455,0,1,"Brown, Mr. Robert",male,,0,0,938769,45.6407,,Q
456,1,1,"Jones, Mr. Thomas",male,40.25,0,0,100642,7.174,E42,S
457,0,3,"Johnson, Master. James",male,0.87,0,0,369775,6.6306,,Q
458,0,3,"Brown, Mr. Edward",male,22.66,1,0,888338,3.8381,,S
459,0,3,"Thomas, Mr. Thomas",male,25.18,0,0,956286,35.1905,,S
460,0,3,"Jones, Miss. Margaret",female,22.2,1,0,382934,2.1273,,C
461,1,3,"Thomas, Miss. Mary",female,,0,0,470764,4.495,,S
462,1,1,"Martinez, Mr. Henry",male,,1,1,528114,86.7179,,S
463,0,3,"Williams, Mr. Henry",male,22.7,0,0,823991,12.0706,,S
464,1,2,"Moore, Mrs. Margaret",female,31.18,2,0,771000,48.5842,,Q
465,0,3,"Martinez, Mr. George",male,,0,0,528870,18.4236,,S
466,0,3,"Jones, Rev. Henry",male,,0,0,377783,10.8362,,Q
467,0,3,"Harris, Mr. John",male,21.17,0,0,378655,27.6179,,S
468,1,3,"White, Mrs. Emily",female,,0,0,652610,8.8632,,S
469,0,1,"Miller, Mr. Charles",male,,0,0,836917,209.8057,,S
470,1,3,"Thompson, Miss. Anna",female,32.94,1,1,85912,5.8839,,S
471,0,2,"Harris, Mr. Henry",male,24.36,3,0,771151,17.5701,,Q
472,0,3,"Martinez, Mr. William",male,35.28,0,0,486096,1.4164,,C
473,0,1,"Miller, Mr. Thomas",male,50.73,0,4,153749,140.2597,,Q
474,0,1,"Taylor, Mr. George",male,,0,0,105553,83.1765,,Q
475,0,2,"Anderson, Mr. George",male,53.12,1,1,343672,51.2928,,S
476,0,2,"Jackson, Mr. Charles",male,18.74,1,0,255801,14.9117,,S
477,0,2,"Wilson, Mr. Charles",male,30.18,0,1,113071,4.8566,B7,C
478,0,3,"White, Mr. Henry",male,,3,0,300407,16.801,,S
479,0,3,"Thomas, Mr. Frank",male,,0,0,835375,7.8422,,C
480,0,2,"Moore, Mr. Edward",male,,1,0,720407,30.9489,C108,S
481,0,2,"Wilson, Mrs. Alice",female,10.69,4,0,216946,8.968,,S
482,0,1,"Johnson, Mr. Robert",male,39.2,1,0,677362,185.9036,,S
483,0,3,"Harris, Mrs. Mary",female,15.01,0,4,457181,12.7491,,S
484,1,2,"Jones, Miss. Helen",female,31.12,0,0,749608,16.2631,D6,S
485,0,1,"Garcia, Major. Charles",male,27.68,0,0,254816,177.7407,,S
486,1,2,"Moore, Miss. Florence",female,15.7,1,1,71137,34.5758,,S
487,0,3,"Martin, Mrs. Alice",female,,0,0,319713,6.7304,E4,S
488,0,1,"Brown, Mr. Charles",male,39.96,1,0,993974,138.9024,,S
489,0,3,"Miller, Mr. Frank",male,32.53,1,0,560279,19.5573,,S
490,0,3,"Williams, Mr. Frank",male,,0,0,63875,11.3428,,S
491,0,3,"Williams, Mr. Thomas",male,28.6,0,0,975640,21.4231,,C
492,0,3,"Jackson, Mr. John",male,31.31,0,0,827489,30.2304,D120,S
493,1,3,"Robinson, Miss. Florence",female,10.99,0,0,548262,11.599,,S
494,1,2,"Jackson, Mrs. Mary",female,13.27,0,0,742865,17.4011,,S
495,0,3,"Brown, Mr. Henry",male,,0,0,192922,11.1532,C92,S
496,0,3,"Taylor, Miss. Emily",female,,0,0,595843,6.5009,,S
497,0,2,"Robinson, Mr. Charles",male,,0,0,913860,17.2198,,S
498,0,3,"Wilson, Mrs. Ida",female,24.49,0,0,444468,10.5563,,S
499,1,2,"Johnson, Mr. Charles",male,28.83,0,0,48563,15.0945,,S
500,1,3,"Garcia, Mrs. Elizabeth",female,,0,0,759560,9.97,,S
501,0,3,"Davis, Mrs. Alice",female,21.04,0,0,732794,4.4837,,S
502,0,3,"Johnson, Mr. James",male,,0,0,742458,24.6949,B89,S
503,0,3,"Miller, Mr. Henry",male,,1,1,651941,7.6447,,S
504,0,3,"Jones, Miss. Helen",female,6.88,0,0,145806,31.3617,,S
505,0,3,"Moore, Mr. Edward",male,37.25,0,0,123396,5.4122,,C
506,0,3,"Davis, Mr. Henry",male,31.4,2,0,794705,36.14,,S
507,1,2,"Wilson, Miss. Helen",female,21.93,0,0,856579,13.781,G65,S
508,0,3,"Thompson, Master. Charles",male,4.43,0,1,87771,22.8422,,S
509,0,3,"White, Mr. John",male,,0,2,585214,13.4693,,S
510,1,1,"Taylor, Mr. William",male,,0,2,505540,24.0527,C8,S
511,1,1,"Robinson, Mr. Thomas",male,53.15,0,0,356542,25.2944,A100,C
512,1,3,"Martin, Miss. Nora",female,11.52,1,0,648630,7.1259,,C
513,1,1,"Robinson, Mr. Edward",male,36.9,1,0,915068,53.9509,,S
514,0,2,"Thomas, Mr. Robert",male,38.78,0,0,823471,17.7747,E69,S
515,0,2,"Thompson, Master. John",male,0.42,0,0,161562,23.409,D36,C
516,1,1,"Brown, Miss. Ida",female,51.44,0,0,468478,65.7926,,S
517,0,2,"Williams, Mr. John",male,14.63,0,0,936372,22.5167,,S
518,1,3,"Anderson, Mrs. Florence",female,,0,2,244489,16.8523,,C
519,1,1,"Smith, Mrs. Margaret",female,,1,0,855519,63.5567,C32,S
520,0,3,"Jones, Miss. Margaret",female,,1,0,495752,19.336,,S
521,0,3,"Brown, Miss. Emily",female,,0,1,526172,22.3912,,S
522,1,2,"Taylor, Miss. Nora",female,0.42,0,0,257705,25.6757,,S
523,1,1,"Smith, Miss. Helen",female,27.8,0,0,920088,109.4645,C17,S
524,0,3,"Martinez, Mr. Charles",male,26.8,0,0,533437,14.0947,,S
525,1,1,"White, Mrs. Alice",female,35.47,1,0,579125,160.3796,,S
526,0,2,"Thomas, Mr. Thomas",male,,0,0,467882,18.0847,C102,S
527,0,3,"Anderson, Mr. George",male,35.26,1,0,98414,7.234,,S
528,1,3,"Robinson, Miss. Alice",female,32.91,1,0,782698,12.3562,,C
529,0,3,"Brown, Mrs. Emily",female,,2,0,335305,3.9886,,S
530,1,2,"White, Miss. Elizabeth",female,6.0,0,0,247688,5.2989,,C
531,0,3,"Harris, Mr. James",male,19.08,0,0,784223,22.4642,,S
532,0,3,"Davis, Mr. Henry",male,30.41,1,1,207985,31.6989,,S
533,0,2,"Jackson, Mr. Frank",male,15.82,1,0,685919,14.1234,G77,S
534,0,3,"Jackson, Mr. John",male,33.21,0,0,479443,22.6107,,S
535,0,1,"Robinson, Mr. Robert",male,49.81,1,0,801944,11.3378,D8,S
536,1,1,"Martin, Mr. Thomas",male,,0,1,59999,105.4417,,C
537,0,3,"Jones, Master. Frank",male,0.42,0,0,776838,12.1225,,C
538,1,1,"Smith, Miss. Emily",female,21.38,1,0,237046,215.4692,,C
539,0,1,"Moore, Mr. James",male,,0,0,871916,66.6935,,S
540,1,3,"White, Miss. Nora",female,17.9,0,0,360167,5.0605,D135,S
541,1,3,"Johnson, Master. Henry",male,0.42,3,0,16920,3.075,,S
542,0,3,"Thompson, Mr. George",male,41.06,1,0,492752,12.3491,,S
543,1,3,"Martinez, Mr. William",male,,1,0,64187,14.0743,B43,C
544,0,3,"Harris, Mr. Frank",male,39.36,0,0,276742,10.3747,,C
545,1,1,"Thomas, Miss. Ida",female,,8,0,719515,140.7469,,S
546,0,2,"Garcia, Mr. Edward",male,,0,0,565029,44.0847,,C
547,0,2,"Thomas, Mr. Thomas",male,,0,0,711672,14.0024,,C
548,1,1,"Thomas, Mrs. Emily",female,47.07,0,0,879629,13.7844,,S
549,1,3,"Brown, Miss. Margaret",female,54.61,1,0,473324,15.1106,,C
550,1,2,"Martinez, Mr. Charles",male,42.62,1,2,548289,39.6663,,S
551,1,3,"Anderson, Master. Henry",male,4.46,1,1,67673,9.3905,,S
552,1,1,"Davis, Mr. Robert",male,43.81,0,1,293970,109.4512,,S
553,1,1,"Smith, Mr. Robert",male,52.84,0,0,726991,29.0118,,S
554,0,3,"Anderson, Mr. Edward",male,40.64,0,0,71361,14.8486,C34,S
555,0,1,"Davis, Mr. Charles",male,32.45,0,0,365627,110.8577,,Q
556,1,1,"Jones, Mrs. Ida",female,,0,0,145299,92.8891,C129,S
557,0,2,"Anderson, Mr. John",male,42.06,0,0,858788,61.7357,E128,S
558,0,3,"Jackson, Mr. William",male,58.44,1,0,565604,31.4457,,S
559,0,3,"Garcia, Mr. Robert",male,15.25,1,0,648024,20.1448,,S
560,1,3,"Garcia, Mrs. Emily",female,18.4,1,0,686871,24.8583,,C
561,1,1,"Williams, Mr. Edward",male,34.02,0,1,232064,90.587,,S
562,0,2,"Harris, Mrs. Alice",female,23.63,0,0,59171,17.5467,,Q
563,1,3,"Brown, Mrs. Alice",female,13.43,0,0,403794,8.6189,,S
564,0,3,"Jackson, Master. John",male,0.42,0,0,193694,4.6396,,S
565,0,3,"Davis, Mr. Edward",male,19.35,0,0,328774,32.4091,D58,S
566,0,3,"Thomas, Mr. Thomas",male,,0,2,325890,42.307,,S
567,0,3,"Jones, Mr. Edward",male,18.59,0,0,784184,12.5702,,Q
568,1,1,"Moore, Mrs. Elizabeth",female,,1,1,326575,78.0611,,S
569,1,2,"Robinson, Mr. Frank",male,30.17,0,1,159837,27.8446,,S
570,0,3,"Anderson, Mrs. Elizabeth",female,41.78,0,0,958821,10.9152,,S
571,0,2,"Garcia, Mr. James",male,,0,0,58579,7.768,C73,C
572,0,3,"Williams, Mr. John",male,,0,0,211732,3.8762,,S
573,0,3,"White, Mr. John",male,28.63,0,0,353790,41.342,,S
574,0,3,"Martin, Mrs. Anna",female,,0,0,71895,2.609,D64,C
575,0,3,"White, Miss. Helen",female,25.73,0,6,900437,15.564,B19,S
576,0,3,"Garcia, Mr. Robert",male,31.45,0,0,359484,2.9743,,S
577,0,3,"Johnson, Mr. Edward",male,29.76,1,1,784429,11.3283,,S
578,1,3,"Moore, Miss. Nora",female,,0,0,143097,9.3205,,S
579,0,3,"Brown, Mr. George",male,30.26,0,4,526409,3.4775,,Q
580,1,2,"Williams, Mrs. Alice",female,59.05,0,0,135316,28.5228,,S
581,0,3,"Smith, Mr. Edward",male,,0,0,239328,4.8706,C41,C
582,1,3,"Jackson, Mr. James",male,30.45,0,0,413375,3.039,,S
583,0,1,"Taylor, Mr. Charles",male,54.35,1,0,864083,125.8919,,S
584,0,2,"White, Rev. Charles",male,44.82,0,1,313326,13.9953,,S
585,0,3,"Taylor, Mr. Henry",male,25.15,0,0,757233,6.5893,,S
586,0,3,"Anderson, Master. Henry",male,0.42,0,0,100809,21.405,E26,S
587,1,1,"Garcia, Mrs. Ida",female,44.72,0,0,259023,28.5045,,S
588,0,2,"Robinson, Master. Frank",male,1.15,0,0,608259,3.465,,S
589,1,1,"Thomas, Mr. George",male,57.11,0,0,473572,172.7006,A39,C
590,1,1,"Jones, Mr. Henry",male,40.2,0,0,506682,230.711,,S
591,0,3,"White, Mr. Henry",male,,3,0,681499,11.1014,,C
592,0,2,"Harris, Mr. Charles",male,18.27,1,0,86328,16.4433,,S
593,0,2,"Miller, Master. Thomas",male,,8,0,698516,33.2922,F24,S
594,0,3,"Harris, Mr. Henry",male,28.39,0,2,864116,26.3009,G17,S
595,1,1,"Thomas, Mr. George",male,,1,0,768451,31.52,,C
596,1,2,"Smith, Miss. Mary",female,,0,0,291865,14.5382,,S
597,0,3,"Harris, Mr. Robert",male,26.1,0,0,357435,14.7016,D72,S
598,0,3,"Johnson, Mrs. Helen",female,60.98,8,0,961766,21.3771,,S
599,0,3,"Jackson, Mr. John",male,35.85,0,0,792079,19.8429,E50,S
600,0,3,"Taylor, Mr. Charles",male,,1,0,932222,17.6897,C6,C
601,1,3,"Smith, Miss. Emily",female,35.97,1,0,914343,26.2552,,S
602,0,3,"Wilson, Miss. Ida",female,44.23,0,0,439755,11.7132,,Q
603,1,3,"Williams, Miss. Ida",female,22.53,1,0,138134,32.605,B91,S
604,0,3,"Smith, Master. Edward",male,0.42,0,5,236281,7.8571,,S
605,0,3,"Martin, Mr. Charles",male,22.55,2,0,301253,20.0587,,S
606,0,3,"Miller, Miss. Anna",female,35.55,1,0,836503,8.8003,,S
607,1,3,"Davis, Master. Frank",male,12.39,0,0,283482,11.2258,G59,S
608,0,1,"Harris, Mr. John",male,35.71,0,0,367672,77.2326,E19,S
609,0,3,"Smith, Miss. Florence",female,16.01,0,0,852793,8.4083,E145,S
610,1,2,"Thomas, Mrs. Nora",female,49.53,0,0,171915,40.443,,S
611,1,3,"Martin, Mrs. Florence",female,,0,0,666977,9.1438,,S
612,0,3,"Thomas, Mr. Frank",male,33.47,1,0,556091,12.1201,D57,Q
613,0,3,"Taylor, Mr. Frank",male,33.08,0,0,984605,18.459,,S
614,1,3,"Brown, Miss. Ida",female,24.52,1,2,494507,53.1394,,S
615,0,2,"Garcia, Mr. Charles",male,32.57,0,0,526021,28.3275,E111,S
616,1,3,"Taylor, Mrs. Alice",female,9.59,0,1,851516,12.9266,D18,S
617,0,3,"Thompson, Master. John",male,,0,0,991767,1.9098,D44,S
618,1,2,"Davis, Mr. Frank",male,,1,2,731987,16.4597,C104,Q
619,1,1,"White, Miss. Elizabeth",female,,0,0,701098,44.4396,,S
620,0,1,"Williams, Mr. George",male,53.72,0,0,877377,58.9569,B72,C
621,0,3,"Jackson, Mr. Edward",male,,0,0,979928,8.655,,S
622,0,3,"Smith, Mr. James",male,45.41,1,0,737355,18.3304,,C
623,1,3,"Wilson, Mrs. Florence",female,12.03,0,0,299451,10.8228,,S
624,0,3,"Smith, Mrs. Anna",female,20.42,0,6,645752,5.883,,Q
625,0,3,"Moore, Mr. Robert",male,31.24,1,0,243820,22.8875,,S
626,0,2,"Harris, Mr. James",male,62.91,1,0,505174,6.3062,,S
627,1,3,"Garcia, Miss. Anna",female,,0,0,450017,12.4924,,S
628,0,1,"Moore, Mr. Thomas",male,52.55,0,1,987676,67.8138,,S
629,0,3,"White, Mr. Thomas",male,,0,1,558792,15.89,D42,S
630,0,3,"Smith, Master. Edward",male,,0,0,959572,26.4395,,S
631,0,3,"Johnson, Mr. Frank",male,35.26,1,0,810054,58.3955,C37,S
632,1,3,"Davis, Mrs. Helen",female,,0,0,850363,12.9203,,C
633,1,1,"Williams, Miss. Ida",female,34.9,0,0,177581,43.8449,,S
634,0,2,"Taylor, Miss. Florence",female,28.51,0,1,777565,9.8657,,C
635,1,1,"Thomas, Mr. James",male,58.71,0,0,258967,40.2683,,S
636,0,1,"Davis, Mr. Edward",male,33.39,0,0,581783,94.8979,,S
637,0,3,"Robinson, Master. Thomas",male,0.42,0,0,491293,1.447,,S
638,0,3,"Anderson, Mr. Robert",male,31.56,0,0,267155,3.9796,,S
639,0,3,"Taylor, Mr. Charles",male,15.91,5,1,985017,15.4877,,S
640,1,3,"Wilson, Mr. William",male,25.55,1,0,876683,23.666,,S
641,0,3,"Garcia, Mr. William",male,23.87,0,0,578505,23.7614,D69,S
642,0,3,"Smith, Mr. Edward",male,21.44,0,0,20707,13.3731,,S
643,1,1,"White, Miss. Margaret",female,48.27,0,2,191436,132.6231,G24,S
644,0,1,"Jackson, Mr. Thomas",male,,0,0,235165,164.0129,,S
645,0,3,"Martinez, Mr. Edward",male,18.28,0,2,972194,9.0358,,C
646,1,3,"Thomas, Mrs. Mary",female,33.89,1,0,409694,24.945,,S
647,0,1,"Anderson, Miss. Ida",female,30.02,0,1,56267,17.1363,,S
648,0,3,"Thompson, Mrs. Helen",female,4.09,0,0,590294,3.8747,,S
649,0,3,"Robinson, Mr. George",male,33.69,0,0,950930,9.4676,,C
650,1,1,"Williams, Miss. Alice",female,52.6,0,0,565269,14.9407,,S
651,0,2,"Davis, Mr. Henry",male,29.42,5,0,449571,27.743,,S
652,0,3,"Martin, Master. Charles",male,0.42,0,0,184057,7.9965,,C
653,0,3,"Wilson, Mr. John",male,34.18,1,0,880003,11.1497,,C
654,1,1,"Smith, Mr. William",male,,1,0,113750,70.3009,,S
655,0,3,"Jones, Mr. Robert",male,,0,0,934192,9.2812,D46,S
656,0,2,"Robinson, Mr. Frank",male,18.46,0,0,230105,9.7746,,S
657,1,3,"Thomas, Mrs. Anna",female,9.92,0,0,146783,17.9212,,S
658,0,2,"Thompson, Mr. Frank",male,24.26,1,2,355221,11.7607,A52,C
659,0,3,"Anderson, Mr. Charles",male,22.62,0,3,14911,11.351,,S
660,0,2,"Thomas, Mr. Henry",male,21.63,0,0,23913,23.9477,F143,S
661,0,2,"Harris, Mr. Charles",male,37.65,1,0,194610,39.8047,,S
662,0,3,"White, Mr. Thomas",male,,1,0,695530,25.2047,C92,S
663,0,1,"Davis, Mr. Thomas",male,,0,0,816322,51.732,,S
664,1,1,"Jackson, Mr. John",male,,0,1,255249,38.3029,,S
665,0,2,"Robinson, Miss. Emily",female,20.93,1,0,648077,45.2945,,S
666,1,3,"Wilson, Miss. Elizabeth",female,13.74,0,0,357890,7.8246,,S
667,1,3,"Martinez, Master. Henry",male,3.58,1,0,438629,17.4179,,S
668,0,3,"Smith, Mr. Frank",male,28.78,0,0,341552,2.2986,,S
669,1,2,"Williams, Miss. Elizabeth",female,25.39,0,1,892528,2.0942,,S
670,1,2,"Thomas, Miss. Elizabeth",female,0.42,1,0,516710,19.3193,C35,S
671,0,1,"Anderson, Mr. Charles",male,31.04,0,0,511179,62.5935,G110,C
672,1,3,"Thomas, Mrs. Ida",female,13.29,0,0,861200,20.6326,,Q
673,0,3,"Brown, Miss. Helen",female,45.48,0,2,660687,6.5975,,Q
674,1,3,"Jones, Miss. Mary",female,2.86,0,0,157895,15.1514,,S
675,0,3,"Moore, Master. William",male,6.26,1,1,196905,19.8777,,S
676,1,2,"Brown, Mr. Charles",male,44.43,0,2,347319,10.2103,C104,S
677,0,3,"Garcia, Mr. George",male,42.64,0,0,106903,9.4591,,S
678,0,3,"Harris, Mr. John",male,15.32,0,2,695107,4.6212,,S
679,0,1,"Johnson, Mr. William",male,29.78,3,0,500382,129.6518,,S
680,1,2,"Martin, Mr. Henry",male,,0,0,53789,27.0596,,S
681,1,1,"Williams, Master. Charles",male,7.75,3,0,406461,116.7339,,S
682,1,1,"Wilson, Master. Edward",male,13.8,1,0,831678,62.3953,B20,S
683,1,1,"Jones, Mrs. Alice",female,,0,0,907980,109.5522,,S
684,0,3,"Thompson, Mr. Charles",male,45.15,1,0,962205,10.8853,,S
685,1,3,"Martin, Mr. Frank",male,,1,0,923351,33.7179,,C
686,1,2,"Thomas, Miss. Elizabeth",female,31.31,0,0,611560,18.1851,,S
687,1,2,"Robinson, Miss. Elizabeth",female,44.74,0,0,927909,36.2562,,S
688,0,3,"Martinez, Miss. Nora",female,,1,0,956942,10.2205,,S
689,1,3,"Anderson, Miss. Ida",female,17.5,1,0,638933,29.1229,,S
690,0,3,"Harris, Miss. Helen",female,24.78,1,6,418930,6.2332,,S
691,0,2,"Johnson, Mr. John",male,53.69,8,2,966431,24.7538,,S
692,0,3,"Johnson, Master. James",male,5.21,0,0,420880,7.3124,,Q
693,1,1,"Thompson, Mr. John",male,51.36,1,0,174716,90.0346,,S
694,0,2,"Smith, Mr. Thomas",male,16.76,1,0,115186,11.7549,,S
695,1,3,"Miller, Miss. Ida",female,26.33,0,0,571773,12.1171,,S
696,0,3,"Robinson, Mr. George",male,21.85,0,0,45092,8.8019,,Q
697,0,3,"Martinez, Master. Thomas",male,12.55,0,0,127416,19.3913,,S
698,1,3,"Williams, Master. John",male,12.22,1,0,252059,17.0354,,Q
699,0,3,"Wilson, Mr. George",male,28.59,0,0,534529,7.1008,A117,S
700,0,2,"Martin, Mr. John",male,42.94,1,0,483346,10.375,,S
701,0,1,"Brown, Mr. William",male,36.31,0,0,516085,35.4359,G110,C
702,1,2,"Miller, Miss. Nora",female,,0,1,512605,7.2278,,S
703,0,1,"Wilson, Mr. Henry",male,45.43,0,0,994228,124.4925,G3,S
704,0,3,"Johnson, Mrs. Anna",female,12.37,0,0,225399,5.499,B116,Q
705,0,2,"Thompson, Miss. Elizabeth",female,,1,0,479306,23.3149,,S
706,0,3,"Johnson, Mr. George",male,35.65,0,0,616677,8.2103,,S
707,0,3,"Williams, Mr. James",male,58.85,1,0,281205,23.7575,G130,C
708,0,3,"Moore, Miss. Florence",female,,0,0,189393,39.1388,,C
709,0,2,"Anderson, Mr. George",male,,8,0,56187,0.4669,,Q
710,1,3,"Smith, Mrs. Elizabeth",female,35.0,0,0,332948,6.166,,C
711,0,3,"Davis, Rev. Robert",male,35.65,0,0,261634,8.1021,,S
712,1,3,"Thomas, Miss. Elizabeth",female,,0,0,203752,10.4498,,Q
713,1,3,"Jackson, Mrs. Nora",female,19.76,0,0,278553,9.9607,,S
714,0,3,"White, Mr. William",male,32.03,0,0,699696,3.8221,,S
715,0,3,"Moore, Mr. George",male,14.24,1,1,829244,39.6614,,S
716,1,1,"Harris, Mrs. Margaret",female,32.66,0,0,521406,62.8135,,C
717,1,3,"Smith, Mr. Edward",male,26.16,0,0,75874,16.9818,,S
718,0,1,"White, Mr. John",male,50.95,0,2,738739,106.3886,,C
719,0,3,"Jackson, Mr. James",male,17.14,0,0,160477,3.0297,,S
720,0,3,"Jackson, Master. Edward",male,1.05,1,0,66675,9.2051,,S
721,1,3,"Smith, Miss. Helen",female,,0,0,572775,20.3033,,S
722,1,2,"Williams, Mrs. Elizabeth",female,13.63,1,0,431108,45.4419,,S
723,0,1,"Harris, Mr. William",male,,8,0,318715,57.3836,,S
724,0,3,"Robinson, Mrs. Nora",female,22.99,0,1,967288,3.6201,,S
725,1,1,"Robinson, Mr. John",male,,0,3,100310,46.3129,,S
726,0,1,"Brown, Mr. John",male,28.86,0,0,63083,55.4546,,S
727,1,2,"Thomas, Mr. Charles",male,19.94,0,0,591614,13.1317,,S
728,1,1,"Harris, Mrs. Elizabeth",female,32.27,0,0,424194,35.4696,,S
729,0,3,"Brown, Mr. Frank",male,42.19,2,0,803525,3.2506,C49,S
730,0,3,"Jackson, Mr. Frank",male,,0,0,49994,4.5803,,S
731,1,2,"Davis, Mr. George",male,30.21,0,0,425183,11.3831,E56,S
732,1,1,"Martinez, Mrs. Emily",female,32.01,1,0,155186,123.0615,,S
733,0,1,"Martinez, Mr. Charles",male,32.37,0,0,50772,156.4284,F8,S
734,0,2,"Smith, Mr. Edward",male,34.26,1,0,467900,19.6394,,S
735,1,1,"Taylor, Miss. Mary",female,45.59,0,0,737499,28.8262,,S
736,0,3,"Williams, Master. William",male,,0,0,165938,7.9678,G3,S
737,0,1,"Brown, Mr. Frank",male,38.47,2,2,843864,9.0888,,S
738,0,2,"Jackson, Master. William",male,,1,0,523567,46.0217,,S
739,0,2,"Johnson, Mr. James",male,32.75,1,0,485690,10.4508,E114,S
740,0,2,"Martinez, Major. William",male,39.91,0,0,923503,23.9192,,Q
741,0,1,"Williams, Miss. Helen",female,34.36,1,0,335872,149.0973,C137,S
742,1,1,"Garcia, Mr. John",male,61.61,0,2,208403,223.6477,E10,S
743,1,3,"Martinez, Miss. Helen",female,13.54,0,2,788412,21.6131,D113,C
744,0,1,"Miller, Miss. Helen",female,40.83,0,0,116114,53.5405,,S
745,0,3,"Moore, Mr. Frank",male,24.53,0,0,873373,17.537,,S
746,0,3,"Williams, Mr. Robert",male,,0,0,827022,35.5973,,C
747,1,2,"Martin, Miss. Ida",female,28.51,0,0,977218,10.368,,S
748,0,2,"Smith, Mr. Robert",male,31.39,1,0,465666,4.6195,,C
749,0,3,"Jackson, Miss. Nora",female,36.02,1,0,625972,5.8251,,S
750,0,3,"White, Miss. Helen",female,,2,0,883784,16.718,,S
751,0,2,"Wilson, Mr. James",male,29.97,0,0,140293,13.3359,,S
752,0,2,"Martin, Rev. Edward",male,40.6,2,0,313061,16.8794,B134,S
753,1,2,"Moore, Mr. George",male,,0,0,477133,28.0476,C51,Q
754,0,3,"Jones, Mr. Charles",male,,0,0,631256,5.712,,S
755,0,3,"Jones, Mr. Charles",male,15.09,1,0,682376,10.8601,,S
756,1,1,"Williams, Mr. Frank",male,52.18,0,0,924079,48.1621,E54,S
757,1,2,"Jones, Mrs. Helen",female,58.74,0,0,494437,51.8648,,S
758,1,3,"Anderson, Miss. Ida",female,23.41,0,0,179978,21.1514,,S
759,1,1,"Jones, Miss. Elizabeth",female,9.5,0,0,198004,54.9463,,C
760,0,3,"Jones, Mr. Frank",male,17.88,1,1,802720,8.5648,E97,S
761,0,3,"Williams, Major. Frank",male,41.01,0,2,466424,37.2668,C142,C
762,1,1,"Thompson, Mr. Frank",male,45.19,0,0,635200,216.3335,,S
763,1,1,"Williams, Mr. Charles",male,41.24,0,0,567228,102.0238,,S
764,1,1,"Anderson, Mrs. Margaret",female,,0,0,814816,71.6256,,S
765,0,3,"Taylor, Mr. Edward",male,,1,0,226261,3.8906,D83,S
766,0,1,"Thompson, Mr. William",male,53.83,3,0,178986,35.9953,,S
767,1,1,"Davis, Mrs. Elizabeth",female,49.95,1,0,736206,22.1321,C5,S
768,0,1,"Moore, Mr. George",male,57.78,1,0,439745,153.1486,,C
769,0,1,"Harris, Mr. Robert",male,42.66,0,0,817632,24.2164,,C
770,0,3,"Jones, Mr. James",male,,1,0,137548,8.4767,,C
771,0,1,"Johnson, Major. James",male,34.01,0,0,279162,11.3329,,Q
772,0,3,"Jones, Miss. Emily",female,17.18,0,0,960480,2.7794,,C
773,0,3,"Martin, Mr. Thomas",male,47.19,0,0,845232,19.3461,C28,S
774,1,3,"Anderson, Miss. Alice",female,,0,0,72064,14.8599,,S
775,1,1,"Garcia, Miss. Anna",female,48.46,1,0,818680,73.5934,D88,C
776,1,3,"Jackson, Miss. Ida",female,26.61,1,0,74828,8.6039,,Q
777,0,3,"Anderson, Mr. Robert",male,17.38,3,0,129099,2.4144,,Q
778,1,1,"Jackson, Mr. Thomas",male,38.14,0,0,899173,47.1822,,C
779,0,3,"Jones, Mrs. Florence",female,43.67,0,1,134761,10.3616,C59,S
780,0,3,"Johnson, Mr. Robert",male,32.22,1,0,307754,18.4381,,Q
781,0,2,"Martin, Master. Charles",male,7.75,0,0,144002,35.9886,,Q
782,1,3,"Brown, Mrs. Margaret",female,22.2,0,0,601049,19.7705,,S
783,0,3,"Williams, Mr. Edward",male,48.17,0,1,66613,14.7953,,C
784,0,3,"Martinez, Mrs. Anna",female,22.22,8,0,294600,11.8643,F92,S
785,0,3,"Jones, Miss. Ida",female,1.59,1,1,333068,13.7488,,Q
786,1,2,"Garcia, Mrs. Helen",female,54.61,0,0,652270,10.8862,C2,S
787,0,3,"Harris, Mr. Henry",male,33.87,0,0,501549,12.6432,E51,C
788,1,2,"Wilson, Mrs. Ida",female,29.09,0,0,200544,15.4355,,S
789,0,3,"Garcia, Mr. Robert",male,20.17,0,0,469661,47.2612,,S
790,0,3,"Johnson, Miss. Florence",female,39.07,0,0,464280,14.006,E48,S
791,1,1,"Martin, Miss. Ida",female,30.95,0,0,360173,8.1831,,S
792,1,2,"Williams, Mrs. Margaret",female,44.93,0,0,538156,12.3256,,S
793,1,2,"Martin, Mr. James",male,37.05,0,1,332877,14.1398,,Q
794,0,1,"Harris, Mr. Robert",male,41.18,0,0,340306,132.7063,,S
795,0,1,"Smith, Mr. Robert",male,39.89,0,0,785523,93.9814,,C
796,0,2,"Harris, Mr. Henry",male,27.73,0,0,259183,22.1068,B122,S
797,0,1,"Johnson, Rev. Charles",male,51.59,1,1,335726,174.9672,,S
798,0,1,"Jones, Mr. Frank",male,26.75,0,2,148804,216.9965,,C
799,1,3,"Martin, Master. Thomas",male,3.91,1,0,701159,19.3262,,S
800,1,3,"Wilson, Mrs. Elizabeth",female,32.99,0,2,709082,8.7567,D30,S
801,0,3,"Davis, Miss. Helen",female,33.21,0,1,681322,8.9701,C133,C
802,0,2,"Moore, Mr. James",male,36.24,0,1,176599,39.0818,,C
803,0,3,"Martinez, Mrs. Anna",female,,0,1,457067,8.9483,,S
804,1,3,"Martinez, Mrs. Anna",female,20.83,0,0,299204,11.2624,,Q
805,0,1,"Anderson, Dr. William",male,48.24,1,0,766066,49.6251,,S
806,0,1,"White, Mr. Charles",male,,2,0,343539,28.3638,,S
807,0,3,"Wilson, Miss. Alice",female,18.67,0,0,421794,44.8803,,S
808,1,1,"Robinson, Miss. Elizabeth",female,33.95,0,0,459822,69.4126,,S
809,1,3,"Jones, Mrs. Mary",female,51.27,1,0,763179,31.2795,,S
810,0,3,"Harris, Miss. Emily",female,2.45,0,2,705542,9.0457,,C
811,1,1,"Jackson, Mrs. Mary",female,44.5,0,0,821780,42.8024,,S
812,0,1,"Martin, Mr. Henry",male,16.17,1,5,433665,111.5727,,S
813,0,3,"Martinez, Mr. Thomas",male,23.59,0,0,821409,23.9809,,S
814,0,3,"Miller, Major. Edward",male,,0,0,872381,25.0362,,S
815,1,1,"Moore, Mrs. Florence",female,10.89,0,0,528666,62.8717,,S
816,0,3,"Davis, Mr. Frank",male,30.06,0,1,682987,19.5396,,Q
817,0,3,"Robinson, Mr. Frank",male,20.06,0,0,910462,7.6327,,S
818,1,3,"Martinez, Mrs. Nora",female,0.42,1,0,840101,12.5226,C60,S
819,0,3,"Williams, Mr. Thomas",male,35.91,0,0,283674,9.4948,,S
820,1,2,"Thompson, Miss. Alice",female,48.66,1,0,719189,12.55,,S
821,1,1,"Jackson, Mr. Frank",male,57.37,1,0,451501,79.1804,,C
822,0,3,"Martin, Miss. Ida",female,29.67,1,1,157145,4.5132,,Q
823,1,2,"Williams, Miss. Mary",female,30.6,0,0,378069,33.9027,B145,S
824,1,3,"Jones, Mr. George",male,42.27,0,1,978147,8.4149,,S
825,1,3,"Thompson, Miss. Emily",female,46.87,0,0,958314,21.929,,S
826,0,1,"Williams, Dr. Edward",male,52.74,0,6,788719,33.2799,,S
827,0,3,"Taylor, Master. William",male,12.76,2,0,990457,8.3911,,S
828,1,1,"Martin, Miss. Elizabeth",female,40.62,0,0,576993,27.5855,,S
829,1,3,"Jackson, Miss. Anna",female,,1,0,759989,4.3427,,C
830,1,2,"Wilson, Master. George",male,6.47,0,0,173578,9.1027,,S
831,0,3,"Jackson, Mr. Thomas",male,31.1,0,0,305776,5.503,,S
832,1,3,"Miller, Miss. Ida",female,54.55,0,0,180953,4.5344,,S
833,0,2,"Thompson, Mr. William",male,38.32,1,0,938189,17.7923,E33,C
834,0,3,"Williams, Mr. Robert",male,,0,0,618187,17.9484,,S
835,1,3,"White, Mr. Edward",male,27.38,0,0,933274,18.6095,,S
836,0,3,"Jackson, Mr. Edward",male,24.05,1,6,422034,2.2187,,C
837,0,3,"Williams, Mrs. Florence",female,29.96,0,0,409411,9.4472,B125,S
838,0,3,"Garcia, Mr. William",male,,0,0,679100,8.7196,E32,Q
839,0,2,"Garcia, Mr. John",male,,0,0,572228,43.2098,,S
840,1,3,"Robinson, Miss. Helen",female,41.46,0,0,378703,9.7361,,S
841,0,1,"Jackson, Rev. Frank",male,55.84,0,0,324412,68.376,F70,Q
842,1,3,"Martinez, Miss. Margaret",female,,0,0,517716,3.161,F45,S
843,0,3,"Brown, Mr. Thomas",male,,0,0,84788,5.9453,B129,S
844,1,2,"Williams, Mrs. Emily",female,28.87,0,0,196078,4.4395,,S
845,1,1,"Miller, Miss. Nora",female,,0,0,53324,76.4541,,C
846,0,3,"Robinson, Mrs. Alice",female,30.98,0,0,163648,29.4905,,C
847,1,2,"Anderson, Mr. Charles",male,42.93,0,2,206678,9.1663,E137,S
848,0,3,"Moore, Mr. Thomas",male,26.08,0,0,84888,9.7973,,Q
849,0,1,"Miller, Mrs. Nora",female,56.33,0,0,64900,33.9282,,S
850,0,3,"White, Mr. Thomas",male,,0,0,821442,7.1399,D136,S
851,0,1,"Jackson, Mr. Henry",male,46.11,0,0,190846,77.6511,,S
852,1,1,"Taylor, Rev. Charles",male,27.17,1,1,559831,238.5749,,S
853,0,3,"Miller, Miss. Elizabeth",female,53.06,1,0,107560,28.5263,,C
854,0,3,"Smith, Miss. Margaret",female,31.11,0,0,947668,34.1962,,S
855,0,1,"Robinson, Mr. Thomas",male,47.27,0,0,246578,135.2767,,S
856,1,3,"White, Mrs. Margaret",female,4.09,0,0,751990,9.6962,,S
857,0,3,"Anderson, Mr. Edward",male,14.3,1,2,644771,8.6821,,C
858,0,3,"Smith, Mr. Thomas",male,41.09,0,0,771074,6.1578,,Q
859,0,2,"Garcia, Mr. Thomas",male,33.73,0,0,632857,14.3288,D3,S
860,0,3,"Johnson, Master. Thomas",male,,0,1,513967,29.7696,,S
861,0,3,"Jackson, Rev. George",male,38.5,0,0,774407,29.5449,,S
862,0,3,"Brown, Mrs. Alice",female,17.93,0,0,817298,48.4484,,S
863,0,3,"Wilson, Mrs. Nora",female,43.35,1,0,386128,13.3684,,Q
864,1,3,"Davis, Mr. Robert",male,23.86,1,0,942641,3.8868,,S
865,1,1,"Martinez, Mr. John",male,40.66,0,1,987616,104.9987,,S
866,0,3,"Martinez, Mr. Thomas",male,40.33,0,0,724522,39.1863,F7,S
867,1,3,"Davis, Miss. Emily",female,13.33,0,0,929657,32.3866,,S
868,1,3,"Martin, Mrs. Florence",female,12.09,0,1,114532,7.9023,,Q
869,0,1,"White, Miss. Anna",female,35.45,0,0,544928,26.0314,,S
870,0,1,"Anderson, Mr. George",male,48.75,0,0,654509,25.351,,S
871,0,3,"Thomas, Master. Thomas",male,7.7,1,0,928438,6.5002,,S
872,0,1,"Thompson, Mr. Frank",male,16.32,5,1,129228,45.1042,,Q
873,0,3,"Moore, Mr. Charles",male,35.71,0,0,808014,9.1354,,Q
874,0,2,"Smith, Mr. George",male,22.16,0,0,86450,28.0513,A60,S
875,0,3,"Miller, Mr. Henry",male,,0,0,364523,8.8881,,S
876,1,3,"Martin, Mrs. Nora",female,0.86,0,0,695970,12.1029,G47,S
877,0,2,"Robinson, Mr. Charles",male,21.17,0,0,298069,4.1277,G34,S
878,0,2,"Moore, Dr. Frank",male,29.9,0,0,836436,9.2244,,S
879,1,3,"Moore, Miss. Elizabeth",female,37.09,0,0,931210,5.9224,,C
880,0,3,"Harris, Mr. Charles",male,14.97,1,2,167252,2.2922,,Q
881,1,2,"Martinez, Miss. Elizabeth",female,51.55,0,0,265506,13.035,,S
882,0,3,"Moore, Mr. George",male,16.1,0,0,83407,2.7794,,S
883,0,3,"Martinez, Mrs. Florence",female,,0,0,712995,8.2247,,S
884,0,3,"Johnson, Mr. William",male,44.99,4,2,887656,12.8132,,S
885,0,1,"Garcia, Mr. Robert",male,40.75,0,2,605608,184.5959,,S
886,0,2,"Davis, Mrs. Anna",female,22.82,0,0,140887,8.4742,,S
887,0,2,"Harris, Mr. John",male,27.98,0,0,182004,18.7775,,Q
888,0,1,"Wilson, Mr. Edward",male,55.59,0,0,44735,42.2319,,S
889,1,1,"Garcia, Mr. Robert",male,57.06,8,1,495093,16.0778,D146,C
890,0,3,"Davis, Mr. John",male,14.38,0,0,723843,30.3391,,S
891,1,2,"Moore, Mrs. Nora",female,,1,0,158516,19.8247,,S
